{
	"info": {
		"_postman_id": "6abd3e71-a5e7-4132-9da6-c991cbfba6bf",
		"name": "Arquitectura_Limpia_Gestor_tareas",
		"schema": "https://schema.getpostman.com/json/collection/v2.1.0/collection.json",
		"_exporter_id": "20746375"
	},
	"item": [
		{
			"name": "Listar tareas",
			"request": {
				"method": "GET",
				"header": [],
				"url": {
					"raw": "http://127.0.0.1:5000/listar",
					"protocol": "http",
					"host": [
						"127",
						"0",
						"0",
						"1"
					],
					"port": "5000",
					"path": [
						"listar"
					]
				}
			},
			"response": []
		},
		{
			"name": "Complear tarea por id",
			"request": {
				"method": "POST",
				"header": [],
				"url": {
					"raw": "http://127.0.0.1:5000/completar-tarea/1",
					"protocol": "http",
					"host": [
						"127",
						"0",
						"0",
						"1"
					],
					"port": "5000",
					"path": [
						"completar-tarea",
						"1"
					]
				}
			},
			"response": []
		},
		{
			"name": "crear tarea",
			"request": {
				"method": "POST",
				"header": [],
				"body": {
					"mode": "raw",
					"raw": "{\n    \"titulo\": \"tarea 1\",\n    \"descripcion\":\"descripcion 1\"\n}",
					"options": {
						"raw": {
							"language": "json"
						}
					}
				},
				"url": {
					"raw": "http://127.0.0.1:5000/crear",
					"protocol": "http",
					"host": [
						"127",
						"0",
						"0",
						"1"
					],
					"port": "5000",
					"path": [
						"crear"
					]
				}
			},
			"response": []
		}
	]
}